REGION	POS	REF	ALT	REF_DP	REF_RV	REF_QUAL	ALT_DP	ALT_RV	ALT_QUAL	ALT_FREQ	TOTAL_DP	PVAL	PASS	GFF_FEATURE	REF_CODON	REF_AA	ALT_CODON	ALT_AA
NC_045512.2	12	A	T	2	0	38	35	0	34	0.945946	37	8.05209e-19	TRUE	NA	NA	NA	NA	NA
NC_045512.2	352	T	C	496	303	39	31	23	39	0.0588235	527	8.90511e-11	TRUE	cds-YP_009724389.1	CGT	R	CGC	R
NC_045512.2	352	T	C	496	303	39	31	23	39	0.0588235	527	8.90511e-11	TRUE	cds-YP_009725295.1	CGT	R	CGC	R
NC_045512.2	899	T	C	570	342	39	37	24	36	0.0609555	607	1.29887e-12	TRUE	cds-YP_009724389.1	TCA	S	CCA	P
NC_045512.2	899	T	C	570	342	39	37	24	36	0.0609555	607	1.29887e-12	TRUE	cds-YP_009725295.1	TCA	S	CCA	P
NC_045512.2	1265	G	A	4715	1758	39	195	67	39	0.0397068	4911	4.37408e-56	TRUE	cds-YP_009724389.1	GGC	G	AGC	S
NC_045512.2	1265	G	A	4715	1758	39	195	67	39	0.0397068	4911	4.37408e-56	TRUE	cds-YP_009725295.1	GGC	G	AGC	S
NC_045512.2	1577	G	A	6232	2492	39	948	376	37	0.132033	7180	1.29944e-301	TRUE	cds-YP_009724389.1	GTT	V	ATT	I
NC_045512.2	1577	G	A	6232	2492	39	948	376	37	0.132033	7180	1.29944e-301	TRUE	cds-YP_009725295.1	GTT	V	ATT	I
NC_045512.2	1723	T	C	5413	3051	38	196	113	37	0.0349376	5610	2.43192e-54	TRUE	cds-YP_009724389.1	GCT	A	GCC	A
NC_045512.2	1723	T	C	5413	3051	38	196	113	37	0.0349376	5610	2.43192e-54	TRUE	cds-YP_009725295.1	GCT	A	GCC	A
NC_045512.2	1810	A	G	5476	3372	37	317	176	37	0.0546929	5796	1.38073e-90	TRUE	cds-YP_009724389.1	AAA	K	AAG	K
NC_045512.2	1810	A	G	5476	3372	37	317	176	37	0.0546929	5796	1.38073e-90	TRUE	cds-YP_009725295.1	AAA	K	AAG	K
NC_045512.2	2156	C	T	26938	14033	37	891	375	37	0.0320124	27833	4.96589e-233	TRUE	cds-YP_009724389.1	CTT	L	TTT	F
NC_045512.2	2156	C	T	26938	14033	37	891	375	37	0.0320124	27833	4.96589e-233	TRUE	cds-YP_009725295.1	CTT	L	TTT	F
NC_045512.2	2919	C	T	34948	24155	39	3167	2302	40	0.0830776	38121	0	TRUE	cds-YP_009724389.1	CCA	P	CTA	L
NC_045512.2	2919	C	T	34948	24155	39	3167	2302	40	0.0830776	38121	0	TRUE	cds-YP_009725295.1	CCA	P	CTA	L
NC_045512.2	3048	A	G	29857	25180	39	1067	1043	38	0.0344961	30931	2.03974e-290	TRUE	cds-YP_009724389.1	GAT	D	GGT	G
NC_045512.2	3048	A	G	29857	25180	39	1067	1043	38	0.0344961	30931	2.03974e-290	TRUE	cds-YP_009725295.1	GAT	D	GGT	G
NC_045512.2	4252	C	T	6395	3462	38	619	334	38	0.0882269	7016	2.81723e-188	TRUE	cds-YP_009724389.1	TAC	Y	TAT	Y
NC_045512.2	4252	C	T	6395	3462	38	619	334	38	0.0882269	7016	2.81723e-188	TRUE	cds-YP_009725295.1	TAC	Y	TAT	Y
NC_045512.2	4415	G	A	6341	4744	39	443	309	39	0.0653007	6784	8.64082e-132	TRUE	cds-YP_009724389.1	GAA	E	AAA	K
NC_045512.2	4415	G	A	6341	4744	39	443	309	39	0.0653007	6784	8.64082e-132	TRUE	cds-YP_009725295.1	GAA	E	AAA	K
NC_045512.2	4984	A	G	5271	3374	38	172	107	38	0.0316002	5443	3.23627e-47	TRUE	cds-YP_009724389.1	ACA	T	ACG	T
NC_045512.2	4984	A	G	5271	3374	38	172	107	38	0.0316002	5443	3.23627e-47	TRUE	cds-YP_009725295.1	ACA	T	ACG	T
NC_045512.2	5568	T	A	12	4	36	1	0	24	0.0769231	13	0.52	FALSE	cds-YP_009724389.1	GTT	V	GAT	D
NC_045512.2	5568	T	A	12	4	36	1	0	24	0.0769231	13	0.52	FALSE	cds-YP_009725295.1	GTT	V	GAT	D
NC_045512.2	5794	A	G	11	6	37	1	0	38	0.0833333	12	0.521739	FALSE	cds-YP_009724389.1	GAA	E	GAG	E
NC_045512.2	5794	A	G	11	6	37	1	0	38	0.0833333	12	0.521739	FALSE	cds-YP_009725295.1	GAA	E	GAG	E
NC_045512.2	6195	C	T	3720	1348	37	434	148	37	0.104102	4169	3.79633e-132	TRUE	cds-YP_009724389.1	CCC	P	CTC	L
NC_045512.2	6195	C	T	3720	1348	37	434	148	37	0.104102	4169	3.79633e-132	TRUE	cds-YP_009725295.1	CCC	P	CTC	L
NC_045512.2	6653	G	A	5298	2659	39	204	113	40	0.0370707	5503	4.56015e-66	TRUE	cds-YP_009724389.1	GTT	V	ATT	I
NC_045512.2	6653	G	A	5298	2659	39	204	113	40	0.0370707	5503	4.56015e-66	TRUE	cds-YP_009725295.1	GTT	V	ATT	I
NC_045512.2	6696	C	+T	4818	2927	38	403	0	20	0.0801512	5028	1.09048e-69	TRUE	NA	NA	NA	NA	NA
NC_045512.2	7253	G	T	2016	924	37	123	56	37	0.0574766	2140	4.02791e-36	TRUE	cds-YP_009724389.1	GCA	A	TCA	S
NC_045512.2	7253	G	T	2016	924	37	123	56	37	0.0574766	2140	4.02791e-36	TRUE	cds-YP_009725295.1	GCA	A	TCA	S
NC_045512.2	7291	A	G	2296	1249	37	79	37	36	0.0332632	2375	1.47552e-22	TRUE	cds-YP_009724389.1	GGA	G	GGG	G
NC_045512.2	7291	A	G	2296	1249	37	79	37	36	0.0332632	2375	1.47552e-22	TRUE	cds-YP_009725295.1	GGA	G	GGG	G
NC_045512.2	7295	G	A	1978	977	37	374	180	37	0.158879	2354	3.46457e-119	TRUE	cds-YP_009724389.1	GCT	A	ACT	T
NC_045512.2	7295	G	A	1978	977	37	374	180	37	0.158879	2354	3.46457e-119	TRUE	cds-YP_009725295.1	GCT	A	ACT	T
NC_045512.2	7437	A	-TT	3451	1551	37	147	0	20	0.0415489	3538	8.57245e-18	TRUE	NA	NA	NA	NA	NA
NC_045512.2	7497	T	C	3517	1618	42	311	132	42	0.0810529	3837	8.31605e-107	TRUE	cds-YP_009724389.1	ATG	M	ACG	T
NC_045512.2	7497	T	C	3517	1618	42	311	132	42	0.0810529	3837	8.31605e-107	TRUE	cds-YP_009725295.1	ATG	M	ACG	T
NC_045512.2	7751	G	A	2995	1320	38	94	41	38	0.0304306	3089	8.60947e-26	TRUE	cds-YP_009724389.1	GTG	V	ATG	M
NC_045512.2	7751	G	A	2995	1320	38	94	41	38	0.0304306	3089	8.60947e-26	TRUE	cds-YP_009725295.1	GTG	V	ATG	M
NC_045512.2	7960	G	A	2584	1809	38	98	76	37	0.0365399	2682	1.35166e-28	TRUE	cds-YP_009724389.1	ATG	M	ATA	I
NC_045512.2	7960	G	A	2584	1809	38	98	76	37	0.0365399	2682	1.35166e-28	TRUE	cds-YP_009725295.1	ATG	M	ATA	I
NC_045512.2	8207	A	G	4960	1701	38	203	81	39	0.0393182	5163	2.64491e-56	TRUE	cds-YP_009724389.1	ACT	T	GCT	A
NC_045512.2	8207	A	G	4960	1701	38	203	81	39	0.0393182	5163	2.64491e-56	TRUE	cds-YP_009725295.1	ACT	T	GCT	A
NC_045512.2	8922	C	T	6766	4671	37	236	152	36	0.0337047	7002	1.50046e-62	TRUE	cds-YP_009724389.1	CCT	P	CTT	L
NC_045512.2	8922	C	T	6766	4671	37	236	152	36	0.0337047	7002	1.50046e-62	TRUE	cds-YP_009725295.1	CCT	P	CTT	L
NC_045512.2	9554	G	-T	10049	4590	38	1335	0	20	0.128464	10392	1.05139e-264	TRUE	NA	NA	NA	NA	NA
NC_045512.2	10172	A	C	12373	4948	38	1550	1516	35	0.111095	13952	0	TRUE	cds-YP_009724389.1	AGA	R	CGA	R
NC_045512.2	10172	A	C	12373	4948	38	1550	1516	35	0.111095	13952	0	TRUE	cds-YP_009725295.1	AGA	R	CGA	R
NC_045512.2	10827	G	A	10309	5154	37	1251	633	39	0.108199	11562	0	TRUE	cds-YP_009724389.1	GGA	G	GAA	E
NC_045512.2	10827	G	A	10309	5154	37	1251	633	39	0.108199	11562	0	TRUE	cds-YP_009725295.1	GGA	G	GAA	E
NC_045512.2	10977	C	T	12150	5051	38	672	40	41	0.0523936	12826	5.68879e-212	TRUE	cds-YP_009724389.1	GCA	A	GTA	V
NC_045512.2	10977	C	T	12150	5051	38	672	40	41	0.0523936	12826	5.68879e-212	TRUE	cds-YP_009725295.1	GCA	A	GTA	V
NC_045512.2	11407	C	-T	6143	3015	39	291	0	20	0.0439046	6628	1.69106e-37	TRUE	NA	NA	NA	NA	NA
NC_045512.2	11410	G	C	5761	2858	39	297	145	37	0.0490099	6060	8.7381e-87	TRUE	cds-YP_009724389.1	TTG	L	TTC	F
NC_045512.2	11410	G	C	5761	2858	39	297	145	37	0.0490099	6060	8.7381e-87	TRUE	cds-YP_009725295.1	TTG	L	TTC	F
NC_045512.2	11925	T	G	4061	2330	37	545	331	36	0.118298	4607	2.02287e-165	TRUE	cds-YP_009724389.1	TTG	L	TGG	W
NC_045512.2	11925	T	G	4061	2330	37	545	331	36	0.118298	4607	2.02287e-165	TRUE	cds-YP_009725295.1	TTG	L	TGG	W
NC_045512.2	12761	G	T	10097	5456	39	963	514	39	0.0870233	11066	1.03785e-292	TRUE	cds-YP_009724389.1	GAC	D	TAC	Y
NC_045512.2	12761	G	T	10097	5456	39	963	514	39	0.0870233	11066	1.03785e-292	TRUE	cds-YP_009725295.1	GAC	D	TAC	Y
NC_045512.2	12849	G	A	8519	5949	37	1040	693	37	0.108798	9559	0	TRUE	cds-YP_009724389.1	AGA	R	AAA	K
NC_045512.2	12849	G	A	8519	5949	37	1040	693	37	0.108798	9559	0	TRUE	cds-YP_009725295.1	AGA	R	AAA	K
NC_045512.2	13123	T	G	12324	8634	39	765	681	39	0.056962	13430	1.06679e-229	TRUE	cds-YP_009724389.1	AGT	S	AGG	R
NC_045512.2	13123	T	G	12324	8634	39	765	681	39	0.056962	13430	1.06679e-229	TRUE	cds-YP_009725295.1	AGT	S	AGG	R
NC_045512.2	13774	C	-CA	7695	4060	39	355	0	20	0.042383	8376	7.11789e-45	TRUE	NA	NA	NA	NA	NA
NC_045512.2	14782	G	A	4189	2156	40	196	112	39	0.0446876	4386	3.62261e-58	TRUE	cds-YP_009724389.1	GCT	A	ACT	T
NC_045512.2	15191	G	A	2744	1206	38	145	65	40	0.050173	2890	7.03238e-47	TRUE	cds-YP_009724389.1	GGA	G	GAA	E
NC_045512.2	15594	G	A	2620	1653	37	197	123	37	0.0699326	2817	1.18726e-58	TRUE	cds-YP_009724389.1	AAG	K	AAA	K
NC_045512.2	15805	C	-A	1976	1088	37	155	0	20	0.0766947	2021	9.65934e-27	TRUE	NA	NA	NA	NA	NA
NC_045512.2	17524	A	G	1944	766	38	1773	693	37	0.476869	3718	0	TRUE	cds-YP_009724389.1	AAA	K	GAA	E
NC_045512.2	17561	G	A	4443	2024	39	171	17	42	0.0370531	4615	4.85041e-56	TRUE	cds-YP_009724389.1	CGG	R	CAG	Q
NC_045512.2	17825	C	T	5729	3463	37	1110	652	40	0.162304	6839	0	TRUE	cds-YP_009724389.1	ACT	T	ATT	I
NC_045512.2	18079	G	A	3229	1855	37	839	511	37	0.206143	4070	1.18732e-268	TRUE	cds-YP_009724389.1	GTA	V	ATA	I
NC_045512.2	18391	G	A	3745	2434	38	390	245	38	0.0943168	4135	2.5827e-118	TRUE	cds-YP_009724389.1	GTT	V	ATT	I
NC_045512.2	18863	T	C	35764	18456	42	1263	645	41	0.0341029	37035	0	TRUE	cds-YP_009724389.1	ATC	I	ACC	T
NC_045512.2	19219	G	A	22588	10119	37	1410	662	37	0.0587427	24003	0	TRUE	cds-YP_009724389.1	GCT	A	ACT	T
NC_045512.2	19481	G	A	24881	15202	42	1337	830	43	0.0509916	26220	0	TRUE	cds-YP_009724389.1	GGT	G	GAT	D
NC_045512.2	20587	G	A	371	341	37	15	15	36	0.0388601	386	2.40939e-05	TRUE	cds-YP_009724389.1	GAC	D	AAC	N
NC_045512.2	20670	G	A	0	0	0	78	78	35	1	78	3.43296e-46	TRUE	cds-YP_009724389.1	GCG	A	GCA	A
NC_045512.2	20679	G	A	0	0	0	18	18	34	1	18	2.20382e-10	TRUE	cds-YP_009724389.1	CCG	P	CCA	P
NC_045512.2	21747	T	C	2063	1387	37	195	141	38	0.0860547	2266	2.18118e-59	TRUE	cds-YP_009724390.1	GTT	V	GCT	A
NC_045512.2	21989	G	A	1979	775	38	266	105	37	0.118486	2245	2.10351e-82	TRUE	cds-YP_009724390.1	GTT	V	ATT	I
NC_045512.2	22578	G	A	89338	17427	40	3193	568	37	0.0344988	92554	0	TRUE	cds-YP_009724390.1	GGT	G	GAT	D
NC_045512.2	23277	C	T	111250	99478	41	3715	3359	41	0.0323102	114979	0	TRUE	cds-YP_009724390.1	ACT	T	ATT	I
NC_045512.2	23307	T	C	96674	95263	37	3507	3475	37	0.0349923	100222	0	TRUE	cds-YP_009724390.1	CTT	L	CCT	P
NC_045512.2	24035	A	G	1758	324	39	73	6	40	0.0398254	1833	9.56613e-24	TRUE	cds-YP_009724390.1	AAA	K	GAA	E
NC_045512.2	24398	G	A	1223	609	38	665	324	37	0.352225	1888	6.06197e-234	TRUE	cds-YP_009724390.1	GGA	G	AGA	R
NC_045512.2	24519	A	G	1663	846	37	255	132	38	0.132951	1918	9.27173e-81	TRUE	cds-YP_009724390.1	AAA	K	AGA	R
NC_045512.2	24770	G	A	1388	447	37	887	263	37	0.389548	2277	7.20429e-317	TRUE	cds-YP_009724390.1	GCA	A	ACA	T
NC_045512.2	25608	A	G	2349	1545	37	88	65	37	0.0360952	2438	6.34693e-25	TRUE	cds-YP_009724391.1	GCA	A	GCG	A
NC_045512.2	25624	C	T	2502	966	37	101	32	37	0.0388014	2603	1.23976e-28	TRUE	cds-YP_009724391.1	CAC	H	TAC	Y
NC_045512.2	25691	G	A	2555	1792	38	294	196	38	0.103194	2849	4.2707e-91	TRUE	cds-YP_009724391.1	GGC	G	GAC	D
NC_045512.2	25720	G	A	2859	1819	36	210	134	36	0.0684262	3069	9.10822e-61	TRUE	cds-YP_009724391.1	GCT	A	ACT	T
NC_045512.2	25854	C	T	4116	2396	38	1936	54	36	0.319894	6052	0	TRUE	cds-YP_009724391.1	TAC	Y	TAT	Y
NC_045512.2	26193	G	A	9495	5094	39	410	218	39	0.0413932	9905	1.32687e-115	TRUE	cds-YP_009724391.1	CCG	P	CCA	P
NC_045512.2	26731	T	G	7905	3687	38	248	110	36	0.0303624	8168	4.77508e-66	TRUE	cds-YP_009724393.1	GTT	V	GGT	G
NC_045512.2	26834	G	T	8124	4962	39	1534	52	37	0.158701	9666	0	TRUE	cds-YP_009724393.1	GCG	A	GCT	A
NC_045512.2	27071	T	C	6233	2850	40	1540	718	40	0.198045	7776	0	TRUE	cds-YP_009724393.1	GCT	A	GCC	A
NC_045512.2	27337	G	A	5062	2107	37	340	153	37	0.062928	5403	2.66303e-98	TRUE	cds-YP_009724394.1	GAG	E	AAG	K
NC_045512.2	27477	A	G	8023	2631	37	402	146	39	0.0477038	8427	3.60759e-111	TRUE	cds-YP_009724395.1	ACA	T	ACG	T
NC_045512.2	28420	T	C	1894	237	40	117	10	41	0.0580645	2015	3.73523e-39	TRUE	cds-YP_009724397.2	ACT	T	ACC	T
